,Unnamed: 0.1,Unnamed: 0,tweetid,userid,screen_name,date,expandedLink,domain
2581392,2581437,2581437,1.4971832413374587e+18,1.2217640449877975e+18,YammerPsaka,2022-02-25 12:14:35,https://lgbtmilitary.org.ua/,lgbtmilitary.org.ua
2949901,2949951,2949951,1.4973600520507023e+18,19500405.0,MaximEristavi,2022-02-25 23:57:10,https://lgbtmilitary.org.ua/eng,lgbtmilitary.org.ua
2950872,2950922,2950922,1.4973605642001654e+18,1.1898021378589286e+18,VollKatrina,2022-02-25 23:59:12,https://lgbtmilitary.org.ua/eng,lgbtmilitary.org.ua
2951108,2951158,2951158,1.4973606936825242e+18,1.1853546692683735e+18,jerichowhitlock,2022-02-25 23:59:43,https://lgbtmilitary.org.ua/eng,lgbtmilitary.org.ua
2951823,2951873,2951873,1.4973610295918838e+18,100555966.0,RiveraNotario,2022-02-26 00:01:03,https://lgbtmilitary.org.ua/eng,lgbtmilitary.org.ua
2952772,2952822,2952822,1.497361520547836e+18,1.3023354349540844e+18,GapMediaCo,2022-02-26 00:03:00,https://lgbtmilitary.org.ua/,lgbtmilitary.org.ua
2954041,2954091,2954091,1.4973621373160407e+18,8.22840943820886e+17,Bebinson_,2022-02-26 00:05:27,https://lgbtmilitary.org.ua/,lgbtmilitary.org.ua
2955175,2955225,2955225,1.497362690502652e+18,4937061.0,lizditz,2022-02-26 00:07:39,https://lgbtmilitary.org.ua/,lgbtmilitary.org.ua
2957025,2957075,2957075,1.4973636512751452e+18,7.751047430982246e+17,T_N_Angel,2022-02-26 00:11:28,https://lgbtmilitary.org.ua/,lgbtmilitary.org.ua
2957121,2957171,2957171,1.4973636928491889e+18,67966861.0,mattynova_,2022-02-26 00:11:38,https://lgbtmilitary.org.ua/,lgbtmilitary.org.ua
2957373,2957423,2957423,1.4973638145677107e+18,8.650156282345431e+17,CindyLiuArt,2022-02-26 00:12:07,https://lgbtmilitary.org.ua/eng,lgbtmilitary.org.ua
2957669,2957719,2957719,1.4973639786113024e+18,1716862585.0,Mom4Inclusion,2022-02-26 00:12:46,https://lgbtmilitary.org.ua/,lgbtmilitary.org.ua
2957769,2957819,2957819,1.4973640410854236e+18,1.4003099637681766e+18,sovanya_,2022-02-26 00:13:01,https://lgbtmilitary.org.ua/eng,lgbtmilitary.org.ua
2958454,2958504,2958504,1.4973644020850156e+18,1523791273.0,JulieNahill,2022-02-26 00:14:27,https://lgbtmilitary.org.ua/eng,lgbtmilitary.org.ua
2958667,2958717,2958717,1.4973645107928392e+18,1523791273.0,JulieNahill,2022-02-26 00:14:53,https://lgbtmilitary.org.ua/eng,lgbtmilitary.org.ua
2964143,2964193,2964193,1.4973673506134016e+18,83195895.0,baursafi,2022-02-26 00:26:10,https://lgbtmilitary.org.ua/eng,lgbtmilitary.org.ua
2965219,2965269,2965269,1.4973679210389586e+18,1.1763455737979412e+18,natgeo_wong,2022-02-26 00:28:26,https://lgbtmilitary.org.ua/,lgbtmilitary.org.ua
2966701,2966751,2966751,1.4973686507178394e+18,241230045.0,LoganBennett95,2022-02-26 00:31:20,https://lgbtmilitary.org.ua/eng,lgbtmilitary.org.ua
2967098,2967148,2967148,1.4973688479382036e+18,7.517086091684086e+17,leventart,2022-02-26 00:32:07,https://lgbtmilitary.org.ua/,lgbtmilitary.org.ua
2967811,2967861,2967861,1.4973692253626163e+18,2261465318.0,dangerousfag,2022-02-26 00:33:37,https://lgbtmilitary.org.ua/eng,lgbtmilitary.org.ua
2967986,2968036,2968036,1.4973693134765015e+18,238348214.0,thedrellum,2022-02-26 00:33:58,https://lgbtmilitary.org.ua/eng,lgbtmilitary.org.ua
2969705,2969755,2969755,1.4973702278893855e+18,2987147081.0,DrLMRobinson,2022-02-26 00:37:36,https://lgbtmilitary.org.ua/,lgbtmilitary.org.ua
2972171,2972221,2972221,1.497371431356752e+18,8.874241524073513e+17,LPernaty,2022-02-26 00:42:23,https://lgbtmilitary.org.ua/,lgbtmilitary.org.ua
2973093,2973143,2973143,1.4973718677909053e+18,4833208774.0,dadashus,2022-02-26 00:44:07,https://lgbtmilitary.org.ua/,lgbtmilitary.org.ua
2973358,2973408,2973408,1.4973720139247002e+18,1.4505384184763638e+18,cherryowlet,2022-02-26 00:44:42,https://lgbtmilitary.org.ua/eng,lgbtmilitary.org.ua
2983493,2983543,2983543,1.4973769602128773e+18,3198202163.0,lovewhumanity67,2022-02-26 01:04:21,https://lgbtmilitary.org.ua/eng,lgbtmilitary.org.ua
2989238,2989288,2989288,1.4973797696709059e+18,8.910567080633016e+17,seethingsorbet,2022-02-26 01:15:31,https://lgbtmilitary.org.ua/eng,lgbtmilitary.org.ua
2996674,2996724,2996724,1.497383444506157e+18,1.309971709785772e+18,ReinaDe_Cor,2022-02-26 01:30:07,https://lgbtmilitary.org.ua/,lgbtmilitary.org.ua
2997696,2997746,2997746,1.4973839562992763e+18,8.21008072340607e+17,francescanoriis,2022-02-26 01:32:09,https://lgbtmilitary.org.ua/,lgbtmilitary.org.ua
3017982,3018032,3018032,1.497394369556476e+18,377788592.0,weRtroydavis,2022-02-26 02:13:32,https://lgbtmilitary.org.ua/eng,lgbtmilitary.org.ua
3020517,3020567,3020567,1.4973956322978898e+18,3040356707.0,anayt215,2022-02-26 02:18:33,https://lgbtmilitary.org.ua/,lgbtmilitary.org.ua
3025694,3025744,3025744,1.4973983171181158e+18,1.1312027776555008e+18,snjorsv,2022-02-26 02:29:13,https://lgbtmilitary.org.ua/,lgbtmilitary.org.ua
3051416,3051466,3051466,1.4974116632926863e+18,30168505.0,natty4bumpo,2022-02-26 03:22:15,https://lgbtmilitary.org.ua/,lgbtmilitary.org.ua
3074888,3074938,3074938,1.4974237847767122e+18,1.364347879335338e+18,SunnyDeco,2022-02-26 04:10:25,https://lgbtmilitary.org.ua/eng,lgbtmilitary.org.ua
3085901,3085951,3085951,1.4974297197167985e+18,1.3476343684082934e+18,MarieDede5,2022-02-26 04:34:00,https://lgbtmilitary.org.ua/eng,lgbtmilitary.org.ua
3100267,3100317,3100317,1.4974378564318495e+18,862492694.0,WriteOnMaude,2022-02-26 05:06:20,https://lgbtmilitary.org.ua/eng,lgbtmilitary.org.ua
3101389,3101439,3101439,1.4974385403381883e+18,14690245.0,n69n,2022-02-26 05:09:03,https://lgbtmilitary.org.ua/eng,lgbtmilitary.org.ua
3130293,3130345,3130345,1.4974549820308357e+18,1.2015286146778604e+18,the_sega_hag,2022-02-26 06:14:23,https://lgbtmilitary.org.ua/,lgbtmilitary.org.ua
3131421,3131473,3131473,1.4974555987696845e+18,8.329514963292815e+17,princessss_13_,2022-02-26 06:16:50,https://lgbtmilitary.org.ua/,lgbtmilitary.org.ua
3143101,3143153,3143153,1.497462263367803e+18,1.043067670210519e+18,pigi_di,2022-02-26 06:43:19,https://lgbtmilitary.org.ua/,lgbtmilitary.org.ua
3165320,3165372,3165372,1.4974747712982303e+18,106851853.0,3vanillamuffin3,2022-02-26 07:33:01,https://lgbtmilitary.org.ua/,lgbtmilitary.org.ua
3181760,3181813,3181813,1.4974833863189053e+18,1.2599115699008184e+18,makar0shechka,2022-02-26 08:07:15,https://lgbtmilitary.org.ua/,lgbtmilitary.org.ua
3185762,3185815,3185815,1.4974854160936591e+18,3493676896.0,theothergreene,2022-02-26 08:15:19,https://lgbtmilitary.org.ua/,lgbtmilitary.org.ua
3186239,3186292,3186292,1.4974856674287493e+18,23817161.0,tubegrrl,2022-02-26 08:16:19,https://lgbtmilitary.org.ua/,lgbtmilitary.org.ua
3188697,3188750,3188750,1.4974868878917059e+18,381518532.0,mynhore,2022-02-26 08:21:10,https://lgbtmilitary.org.ua/,lgbtmilitary.org.ua
3188875,3188928,3188928,1.4974869759637422e+18,1.339136705618731e+18,badgerbadgerba2,2022-02-26 08:21:31,https://lgbtmilitary.org.ua/,lgbtmilitary.org.ua
3189342,3189395,3189395,1.4974871906826527e+18,1.451499740936409e+18,hewmanbeen,2022-02-26 08:22:22,https://lgbtmilitary.org.ua/,lgbtmilitary.org.ua
3189816,3189869,3189869,1.4974874210043453e+18,7.792614261121802e+17,lori_smoldt,2022-02-26 08:23:17,https://lgbtmilitary.org.ua/,lgbtmilitary.org.ua
3190068,3190121,3190121,1.4974875597100442e+18,76262752.0,ievale,2022-02-26 08:23:50,https://lgbtmilitary.org.ua/,lgbtmilitary.org.ua
3190147,3190200,3190200,1.4974876008268677e+18,414645692.0,KennMadoh,2022-02-26 08:24:00,https://lgbtmilitary.org.ua/,lgbtmilitary.org.ua
3190161,3190214,3190214,1.4974876059817165e+18,109852118.0,ukrainianviking,2022-02-26 08:24:01,https://lgbtmilitary.org.ua/,lgbtmilitary.org.ua
3191253,3191306,3191306,1.4974881591475364e+18,48539233.0,zacharyprince,2022-02-26 08:26:13,https://lgbtmilitary.org.ua/,lgbtmilitary.org.ua
3191411,3191464,3191464,1.4974882348337193e+18,3129048603.0,chinaman330,2022-02-26 08:26:31,https://lgbtmilitary.org.ua/,lgbtmilitary.org.ua
3192161,3192214,3192214,1.497488616532054e+18,9.291615336319918e+17,fouririshlads,2022-02-26 08:28:02,https://lgbtmilitary.org.ua/,lgbtmilitary.org.ua
3192916,3192969,3192969,1.4974889980501934e+18,560929844.0,jptamas,2022-02-26 08:29:33,https://lgbtmilitary.org.ua/,lgbtmilitary.org.ua
3193291,3193344,3193344,1.4974891652979302e+18,1.1566025593788047e+18,MSwaggernaut,2022-02-26 08:30:13,https://lgbtmilitary.org.ua/,lgbtmilitary.org.ua
3193773,3193826,3193826,1.4974894086137487e+18,1.4969055680736338e+18,LKlatzker,2022-02-26 08:31:11,https://lgbtmilitary.org.ua/,lgbtmilitary.org.ua
3195169,3195222,3195222,1.4974901136301425e+18,12105072.0,otherlisa,2022-02-26 08:33:59,https://lgbtmilitary.org.ua/,lgbtmilitary.org.ua
3199083,3199136,3199136,1.4974921435851817e+18,1362822391.0,ShaniaPeebody,2022-02-26 08:42:03,https://lgbtmilitary.org.ua/,lgbtmilitary.org.ua
3199712,3199765,3199765,1.49749248774042e+18,2427764335.0,bmopitts,2022-02-26 08:43:25,https://lgbtmilitary.org.ua/,lgbtmilitary.org.ua
3202025,3202079,3202079,1.4974936874120847e+18,2312212639.0,__Kirie_,2022-02-26 08:48:11,https://lgbtmilitary.org.ua/,lgbtmilitary.org.ua
3203228,3203282,3203282,1.4974943335487447e+18,1.2765582080609075e+18,swftyred,2022-02-26 08:50:45,https://lgbtmilitary.org.ua/,lgbtmilitary.org.ua
3205876,3205930,3205930,1.497495708982661e+18,68083005.0,earthdancer13,2022-02-26 08:56:13,https://lgbtmilitary.org.ua/,lgbtmilitary.org.ua
3207356,3207410,3207410,1.4974964555185562e+18,187535211.0,Brooms1989,2022-02-26 08:59:11,https://lgbtmilitary.org.ua/eng,lgbtmilitary.org.ua
3208128,3208182,3208182,1.4974968496908124e+18,207435031.0,FionaJLincs,2022-02-26 09:00:45,https://lgbtmilitary.org.ua/eng,lgbtmilitary.org.ua
3218504,3218558,3218558,1.497502285794009e+18,1.1030043606221169e+18,GH0STVLLY,2022-02-26 09:22:21,https://lgbtmilitary.org.ua/,lgbtmilitary.org.ua
3219689,3219743,3219743,1.497502914729808e+18,7.194181448010793e+17,EdSkunks,2022-02-26 09:24:51,https://lgbtmilitary.org.ua/,lgbtmilitary.org.ua
3221487,3221541,3221541,1.4975038790801203e+18,355409951.0,mx_procyon,2022-02-26 09:28:41,https://lgbtmilitary.org.ua/eng,lgbtmilitary.org.ua
3221857,3221911,3221911,1.4975040887114383e+18,1.397529766928978e+18,omfgsiriusly,2022-02-26 09:29:31,https://lgbtmilitary.org.ua/eng,lgbtmilitary.org.ua
3225460,3225514,3225514,1.497506001465008e+18,2210855659.0,lifeinthejungle,2022-02-26 09:37:07,https://lgbtmilitary.org.ua/,lgbtmilitary.org.ua
3226957,3227011,3227011,1.4975067566369096e+18,143382855.0,callanjd,2022-02-26 09:40:07,https://lgbtmilitary.org.ua/eng,lgbtmilitary.org.ua
3230625,3230679,3230679,1.4975087068792136e+18,18112529.0,ElleRows,2022-02-26 09:47:52,https://lgbtmilitary.org.ua/eng,lgbtmilitary.org.ua
3231423,3231478,3231478,1.4975091011438305e+18,1.4926524260585062e+18,ButtigiegDem,2022-02-26 09:49:26,https://lgbtmilitary.org.ua/eng,lgbtmilitary.org.ua
3244646,3244701,3244701,1.497515778236629e+18,58019082.0,u2cora,2022-02-26 10:15:58,https://lgbtmilitary.org.ua/,lgbtmilitary.org.ua
3244895,3244950,3244950,1.497515896331731e+18,1260756078.0,leafyflower1,2022-02-26 10:16:26,https://lgbtmilitary.org.ua/,lgbtmilitary.org.ua
3256459,3256514,3256514,1.4975216298400973e+18,2615044988.0,MarshallFarts5,2022-02-26 10:39:13,https://lgbtmilitary.org.ua/eng,lgbtmilitary.org.ua
3258386,3258441,3258441,1.4975225443829924e+18,3794516795.0,AishEve,2022-02-26 10:42:51,https://lgbtmilitary.org.ua/,lgbtmilitary.org.ua
3263533,3263588,3263588,1.497524956149674e+18,8.825834271778652e+17,discoasylum,2022-02-26 10:52:26,https://lgbtmilitary.org.ua/,lgbtmilitary.org.ua
3271404,3271460,3271460,1.4975286842358743e+18,7.80321582308819e+17,orchidsbudget,2022-02-26 11:07:15,https://lgbtmilitary.org.ua/,lgbtmilitary.org.ua
3279864,3279920,3279920,1.4975325594624737e+18,38233522.0,Elissa_Malcohn,2022-02-26 11:22:39,https://lgbtmilitary.org.ua/eng,lgbtmilitary.org.ua
3287754,3287811,3287811,1.4975361792139387e+18,9847482.0,steffanie,2022-02-26 11:37:02,https://lgbtmilitary.org.ua/,lgbtmilitary.org.ua
3299735,3299792,3299792,1.49754193384516e+18,8.037456460292465e+17,tomalclay,2022-02-26 11:59:54,https://lgbtmilitary.org.ua/,lgbtmilitary.org.ua
3307390,3307448,3307448,1.4975455961225871e+18,921699908.0,hystericalegg,2022-02-26 12:14:27,https://lgbtmilitary.org.ua/,lgbtmilitary.org.ua
3309864,3309922,3309922,1.497546870897668e+18,1.3566240584906097e+18,Dewa190219563,2022-02-26 12:19:31,https://lgbtmilitary.org.ua/,lgbtmilitary.org.ua
3311838,3311896,3311896,1.4975478442022912e+18,304148073.0,seandehey,2022-02-26 12:23:23,https://lgbtmilitary.org.ua/,lgbtmilitary.org.ua
3319072,3319130,3319130,1.497551430370136e+18,155696776.0,benbawan,2022-02-26 12:37:38,https://lgbtmilitary.org.ua/,lgbtmilitary.org.ua
3324110,3324168,3324168,1.4975539175127163e+18,1110194034.0,inainachis,2022-02-26 12:47:31,https://lgbtmilitary.org.ua/,lgbtmilitary.org.ua
3327139,3327197,3327197,1.4975553682511667e+18,3645245841.0,ImodjLadykiller,2022-02-26 12:53:17,https://lgbtmilitary.org.ua/,lgbtmilitary.org.ua
3350480,3350538,3350538,1.4975667390930657e+18,3356131373.0,FindingFilene,2022-02-26 13:38:28,https://lgbtmilitary.org.ua/,lgbtmilitary.org.ua
3364515,3364574,3364574,1.4975734291170796e+18,7.47701611754029e+17,real_bog_juice,2022-02-26 14:05:03,https://lgbtmilitary.org.ua/,lgbtmilitary.org.ua
3393907,3393967,3393967,1.4975876770167685e+18,309459782.0,Inerciatividade,2022-02-26 15:01:40,https://lgbtmilitary.org.ua/,lgbtmilitary.org.ua
3404053,3404113,3404113,1.497592534050095e+18,116509330.0,misskatsuragi,2022-02-26 15:20:58,https://lgbtmilitary.org.ua/,lgbtmilitary.org.ua
3431987,3432047,3432047,1.497605930829058e+18,60995997.0,chessninja,2022-02-26 16:14:12,https://lgbtmilitary.org.ua/eng,lgbtmilitary.org.ua
3432163,3432223,3432223,1.497606018636796e+18,14764623.0,tkdcoach,2022-02-26 16:14:33,https://lgbtmilitary.org.ua/eng,lgbtmilitary.org.ua
3436305,3436365,3436365,1.4976080530588017e+18,2370249414.0,Mdog507,2022-02-26 16:22:38,https://lgbtmilitary.org.ua/eng,lgbtmilitary.org.ua
3479675,3479735,3479735,1.4976290623066153e+18,1.3697194873191916e+18,Ivan29370969,2022-02-26 17:46:07,https://lgbtmilitary.org.ua/,lgbtmilitary.org.ua
3493909,3493970,3493970,1.4976360333195592e+18,510675901.0,A_E_Black,2022-02-26 18:13:49,https://lgbtmilitary.org.ua/eng,lgbtmilitary.org.ua
3502269,3502330,3502330,1.4976402988345385e+18,518845719.0,ekostinska,2022-02-26 18:30:46,https://lgbtmilitary.org.ua/eng,lgbtmilitary.org.ua
3503930,3503991,3503991,1.4976410872630272e+18,8.253579809461658e+17,jessica_epure,2022-02-26 18:33:54,https://lgbtmilitary.org.ua/,lgbtmilitary.org.ua
3540065,3540127,3540127,1.4976588839717233e+18,9.420728288615752e+17,W_Kotsuybinsky,2022-02-26 19:44:37,https://lgbtmilitary.org.ua/,lgbtmilitary.org.ua
3542165,3542227,3542227,1.4976599491529687e+18,9.281583102972028e+17,KoshetzYu,2022-02-26 19:48:51,https://lgbtmilitary.org.ua/,lgbtmilitary.org.ua
3546603,3546665,3546665,1.4976622348724552e+18,7.452283950935941e+17,lux_beatrice,2022-02-26 19:57:56,https://lgbtmilitary.org.ua/,lgbtmilitary.org.ua
3546610,3546672,3546672,1.4976622392051139e+18,1913633718.0,MintIceBear,2022-02-26 19:57:57,https://lgbtmilitary.org.ua/,lgbtmilitary.org.ua
3550031,3550093,3550093,1.497663963324207e+18,3340198857.0,BobTenn1935,2022-02-26 20:04:48,https://lgbtmilitary.org.ua/,lgbtmilitary.org.ua
3551881,3551943,3551943,1.497664911320748e+18,1.193246040754983e+18,Rudolphtheprod,2022-02-26 20:08:34,https://lgbtmilitary.org.ua/eng,lgbtmilitary.org.ua
3555605,3555667,3555667,1.4976668153167053e+18,16136382.0,YCFlores,2022-02-26 20:16:08,https://lgbtmilitary.org.ua/,lgbtmilitary.org.ua
3564285,3564347,3564347,1.497671160753967e+18,1.424700445193384e+18,hwbtea,2022-02-26 20:33:24,https://lgbtmilitary.org.ua/eng,lgbtmilitary.org.ua
3571869,3571931,3571931,1.4976749858125087e+18,154620208.0,caroline_pbo,2022-02-26 20:48:36,https://lgbtmilitary.org.ua/eng,lgbtmilitary.org.ua
3585577,3585639,3585639,1.497681973183193e+18,1.4799571159471718e+18,swarmofthought,2022-02-26 21:16:22,https://lgbtmilitary.org.ua/eng,lgbtmilitary.org.ua
3599099,3599161,3599161,1.4976892757936497e+18,1.3681821747851018e+18,TeddyVeggy,2022-02-26 21:45:23,https://lgbtmilitary.org.ua/,lgbtmilitary.org.ua
3627372,3627434,3627434,1.4977037333036933e+18,3083909441.0,_remirror_,2022-02-26 22:42:50,https://lgbtmilitary.org.ua/eng,lgbtmilitary.org.ua
3662169,3662234,3662234,1.4977229641623593e+18,1.388148336000217e+18,belladonvania,2022-02-26 23:59:15,https://lgbtmilitary.org.ua/eng,lgbtmilitary.org.ua
3662681,3662746,3662746,1.4977232537496576e+18,27745754.0,amberlyinviolet,2022-02-27 00:00:24,https://lgbtmilitary.org.ua/eng,lgbtmilitary.org.ua
3664348,3664413,3664413,1.4977241629194404e+18,18114624.0,lithmire,2022-02-27 00:04:01,https://lgbtmilitary.org.ua/eng,lgbtmilitary.org.ua
3665475,3665540,3665540,1.4977247594125107e+18,1.2317622930352947e+18,yeboyavarie,2022-02-27 00:06:23,https://lgbtmilitary.org.ua/eng,lgbtmilitary.org.ua
3678984,3679050,3679050,1.497731969689469e+18,1.240869159031931e+18,xl_himbo,2022-02-27 00:35:02,https://lgbtmilitary.org.ua/eng,lgbtmilitary.org.ua
3744409,3744480,3744480,1.4977674321062584e+18,27912865.0,dj92688,2022-02-27 02:55:57,https://lgbtmilitary.org.ua/eng,lgbtmilitary.org.ua
3767145,3767216,3767216,1.497779026164949e+18,1.0968421794803016e+18,stonertrans,2022-02-27 03:42:01,https://lgbtmilitary.org.ua/,lgbtmilitary.org.ua
3769248,3769319,3769319,1.4977800696027832e+18,1.3992492121774817e+18,orange1192736k,2022-02-27 03:46:10,https://lgbtmilitary.org.ua/,lgbtmilitary.org.ua
3769905,3769976,3769976,1.4977804137541427e+18,2192547560.0,jacharacter,2022-02-27 03:47:32,https://lgbtmilitary.org.ua/,lgbtmilitary.org.ua
3770223,3770294,3770294,1.4977805948598108e+18,1.466589413287342e+18,Sakuretsu_666,2022-02-27 03:48:15,https://lgbtmilitary.org.ua/,lgbtmilitary.org.ua
3771591,3771662,3771662,1.4977813321679667e+18,1.0696000566956974e+18,_sinizokonai,2022-02-27 03:51:11,https://lgbtmilitary.org.ua/,lgbtmilitary.org.ua
3773215,3773286,3773286,1.497782200435196e+18,24195870.0,rewriteourstory,2022-02-27 03:54:38,https://lgbtmilitary.org.ua/,lgbtmilitary.org.ua
3774977,3775048,3775048,1.4977830983432602e+18,384003032.0,astaereth,2022-02-27 03:58:12,https://lgbtmilitary.org.ua/,lgbtmilitary.org.ua
3778717,3778788,3778788,1.497784917975085e+18,1.2414971878902006e+18,Necrowemancer,2022-02-27 04:05:26,https://lgbtmilitary.org.ua/eng,lgbtmilitary.org.ua
3785605,3785676,3785676,1.497788370684199e+18,14690037.0,undecided399,2022-02-27 04:19:09,https://lgbtmilitary.org.ua/,lgbtmilitary.org.ua
3791787,3791858,3791858,1.4977914076201943e+18,17091248.0,gemini713,2022-02-27 04:31:13,https://lgbtmilitary.org.ua/,lgbtmilitary.org.ua
3801936,3802007,3802007,1.4977966622820966e+18,7.733242987611505e+17,germanbanana83,2022-02-27 04:52:06,https://lgbtmilitary.org.ua/,lgbtmilitary.org.ua
3816221,3816292,3816292,1.497804196485247e+18,1.4950062380520817e+18,Jordaniel_2001,2022-02-27 05:22:02,https://lgbtmilitary.org.ua/,lgbtmilitary.org.ua
3822035,3822106,3822106,1.4978073953214833e+18,8.429481415192699e+17,aiji_young,2022-02-27 05:34:45,https://lgbtmilitary.org.ua/eng,lgbtmilitary.org.ua
3826136,3826207,3826207,1.4978095393866015e+18,3222220781.0,annahasfeelings,2022-02-27 05:43:16,https://lgbtmilitary.org.ua/eng,lgbtmilitary.org.ua
3830944,3831015,3831015,1.4978120810762813e+18,260539314.0,chrisplommer,2022-02-27 05:53:22,https://lgbtmilitary.org.ua/,lgbtmilitary.org.ua
3854589,3854661,3854661,1.4978243624848302e+18,2301730046.0,clare_mclare19,2022-02-27 06:42:10,https://lgbtmilitary.org.ua/,lgbtmilitary.org.ua
3856075,3856147,3856147,1.497825154226819e+18,1.1091168455486588e+18,teampetewte,2022-02-27 06:45:19,https://lgbtmilitary.org.ua/eng,lgbtmilitary.org.ua
3861312,3861384,3861384,1.497827889915388e+18,1.4182617013554586e+18,livisdone,2022-02-27 06:56:11,https://lgbtmilitary.org.ua/,lgbtmilitary.org.ua
3937619,3937691,3937691,1.4978647865116344e+18,964641937.0,bunblunbly,2022-02-27 09:22:48,https://lgbtmilitary.org.ua/eng,lgbtmilitary.org.ua
3954063,3954135,3954135,1.4978723494331556e+18,1.247672537686868e+18,BruhBailey19,2022-02-27 09:52:51,https://lgbtmilitary.org.ua/eng,lgbtmilitary.org.ua
4026390,4026463,4026463,1.4979063265293558e+18,1.2790788759563796e+18,krisdobz,2022-02-27 12:07:52,https://lgbtmilitary.org.ua/,lgbtmilitary.org.ua
4084752,4084826,4084826,1.497934193929732e+18,1.4371777834998252e+18,kavairashii,2022-02-27 13:58:36,https://lgbtmilitary.org.ua/,lgbtmilitary.org.ua
4096411,4096485,4096485,1.4979392854708593e+18,216120404.0,juliecas0003,2022-02-27 14:18:50,https://lgbtmilitary.org.ua/eng,lgbtmilitary.org.ua
4096459,4096533,4096533,1.4979393024996352e+18,8.207342610409226e+17,astimgoesby,2022-02-27 14:18:54,https://lgbtmilitary.org.ua/eng,lgbtmilitary.org.ua
4096683,4096757,4096757,1.4979394068035092e+18,8.207342610409226e+17,astimgoesby,2022-02-27 14:19:19,https://lgbtmilitary.org.ua/eng,lgbtmilitary.org.ua
4103725,4103799,4103799,1.4979424435258778e+18,2440304186.0,palindnilap,2022-02-27 14:31:23,https://lgbtmilitary.org.ua/eng,lgbtmilitary.org.ua
4108410,4108484,4108484,1.4979445662001644e+18,7.666147271413268e+17,SisterTenebrae,2022-02-27 14:39:49,https://lgbtmilitary.org.ua/eng,lgbtmilitary.org.ua
4126896,4126970,4126970,1.4979532654511514e+18,18718653.0,faizalhamssin,2022-02-27 15:14:23,https://lgbtmilitary.org.ua/eng,lgbtmilitary.org.ua
4128066,4128140,4128140,1.4979538482367283e+18,1.3178838912236134e+18,CarryingWayward,2022-02-27 15:16:42,https://lgbtmilitary.org.ua/eng,lgbtmilitary.org.ua
4128341,4128415,4128415,1.4979539825258332e+18,11059522.0,tdprestridge,2022-02-27 15:17:14,https://lgbtmilitary.org.ua/eng,lgbtmilitary.org.ua
4128738,4128812,4128812,1.4979541841586094e+18,1.4965042639287951e+18,joshdelanyjail,2022-02-27 15:18:02,https://lgbtmilitary.org.ua/,lgbtmilitary.org.ua
4129339,4129413,4129413,1.4979544725926584e+18,240275917.0,Nuecifraga,2022-02-27 15:19:11,https://lgbtmilitary.org.ua/eng,lgbtmilitary.org.ua
4129504,4129578,4129578,1.49795455680589e+18,2331058541.0,gmstorytime,2022-02-27 15:19:31,https://lgbtmilitary.org.ua/eng,lgbtmilitary.org.ua
4129545,4129619,4129619,1.4979545783897416e+18,8.74310147946025e+17,sodeans_vic,2022-02-27 15:19:36,https://lgbtmilitary.org.ua/eng,lgbtmilitary.org.ua
4130304,4130378,4130378,1.4979549427741245e+18,27576090.0,thephatic,2022-02-27 15:21:03,https://lgbtmilitary.org.ua/eng,lgbtmilitary.org.ua
4132085,4132159,4132159,1.4979557736698552e+18,1113355430.0,GrimDarkFae,2022-02-27 15:24:21,https://lgbtmilitary.org.ua/eng,lgbtmilitary.org.ua
4132118,4132192,4132192,1.4979557860179436e+18,1884147752.0,s_unter,2022-02-27 15:24:24,https://lgbtmilitary.org.ua/,lgbtmilitary.org.ua
4134854,4134928,4134928,1.4979571489151222e+18,1.205359791561986e+18,BatsyBelfry,2022-02-27 15:29:49,https://lgbtmilitary.org.ua/eng,lgbtmilitary.org.ua
4145146,4145220,4145220,1.4979620819576873e+18,1.251395453712728e+18,EinstEinAdler,2022-02-27 15:49:25,https://lgbtmilitary.org.ua/,lgbtmilitary.org.ua
4145359,4145433,4145433,1.4979621906782413e+18,1.429392275176661e+18,Ndrys4Ndrys,2022-02-27 15:49:51,https://lgbtmilitary.org.ua/,lgbtmilitary.org.ua
4148578,4148652,4148652,1.497963818147844e+18,592070915.0,Snowy_Carpender,2022-02-27 15:56:19,https://lgbtmilitary.org.ua/,lgbtmilitary.org.ua
4148706,4148780,4148780,1.4979638852987003e+18,1720231567.0,EH_Onizuka,2022-02-27 15:56:35,https://lgbtmilitary.org.ua/,lgbtmilitary.org.ua
4149721,4149795,4149795,1.497964438686679e+18,1.0410479369211616e+18,gahyeonfleur,2022-02-27 15:58:47,https://lgbtmilitary.org.ua/eng,lgbtmilitary.org.ua
4153649,4153723,4153723,1.4979664013819658e+18,8.912742144807772e+17,CMDR_drsYell,2022-02-27 16:06:35,https://lgbtmilitary.org.ua/eng,lgbtmilitary.org.ua
4155394,4155468,4155468,1.4979672741620736e+18,1.4545466190435656e+18,ownstaged,2022-02-27 16:10:03,https://lgbtmilitary.org.ua/eng,lgbtmilitary.org.ua
4166606,4166681,4166681,1.4979728566129582e+18,326220011.0,ackersemz,2022-02-27 16:32:14,https://lgbtmilitary.org.ua/,lgbtmilitary.org.ua
4181659,4181735,4181735,1.4979799033999729e+18,1478953202.0,aribblett,2022-02-27 17:00:14,https://lgbtmilitary.org.ua/eng,lgbtmilitary.org.ua
4199598,4199674,4199674,1.497988191151739e+18,1.4808907502838825e+18,neighborhoodga7,2022-02-27 17:33:10,https://lgbtmilitary.org.ua/,lgbtmilitary.org.ua
4209031,4209107,4209107,1.497992397913043e+18,1.2388319686845727e+18,annaushke,2022-02-27 17:49:53,https://lgbtmilitary.org.ua/,lgbtmilitary.org.ua
4237546,4237624,4237624,1.498004926403793e+18,987663426.0,OfQuartz1,2022-02-27 18:39:40,https://lgbtmilitary.org.ua/eng,lgbtmilitary.org.ua
4252121,4252199,4252199,1.498011532587942e+18,1.0710719296023142e+18,Ajumeoni1,2022-02-27 19:05:55,https://lgbtmilitary.org.ua/eng,lgbtmilitary.org.ua
4330303,4330383,4330383,1.4980482874752205e+18,8.019110917857935e+17,__Michal_S,2022-02-27 21:31:58,https://lgbtmilitary.org.ua/,lgbtmilitary.org.ua
4332229,4332309,4332309,1.4980491424546406e+18,1.1515019610841866e+18,Alfiiq1,2022-02-27 21:35:22,https://lgbtmilitary.org.ua/,lgbtmilitary.org.ua
4342232,4342313,4342313,1.4980537356664013e+18,3299732829.0,rjsepiphany,2022-02-27 21:53:37,https://lgbtmilitary.org.ua/,lgbtmilitary.org.ua
4362460,4362541,4362541,1.4980631649902715e+18,1.159024366052696e+18,DeGwidon,2022-02-27 22:31:05,https://lgbtmilitary.org.ua/,lgbtmilitary.org.ua
4378061,4378143,4378143,1.4980705000979456e+18,133876218.0,SalivaGlance,2022-02-27 23:00:14,https://lgbtmilitary.org.ua/,lgbtmilitary.org.ua
4412497,4412579,4412579,1.498086610931368e+18,1.4323943724447334e+18,spnfamilyedits,2022-02-28 00:04:15,https://lgbtmilitary.org.ua/eng,lgbtmilitary.org.ua
4415813,4415895,4415895,1.498088208374149e+18,7.739792394523771e+17,jkirbs7,2022-02-28 00:10:36,https://lgbtmilitary.org.ua/,lgbtmilitary.org.ua
4450039,4450121,4450121,1.4981041592535e+18,1.3402277500749783e+18,unhingedsam,2022-02-28 01:13:59,https://lgbtmilitary.org.ua/eng,lgbtmilitary.org.ua
4483605,4483687,4483687,1.4981190950987858e+18,1.4486548137937183e+18,MutierMitMir,2022-02-28 02:13:20,https://lgbtmilitary.org.ua/,lgbtmilitary.org.ua
4602612,4602695,4602695,1.4981715827572285e+18,1.4735415955804283e+18,MashaMi01500747,2022-02-28 05:41:54,https://lgbtmilitary.org.ua/,lgbtmilitary.org.ua
4618210,4618293,4618293,1.498178348794712e+18,1.4704546421737472e+18,lothar_janz,2022-02-28 06:08:47,https://lgbtmilitary.org.ua/,lgbtmilitary.org.ua
4887883,4887976,4887976,1.49829122533777e+18,1601444113.0,Mr_Kevin_1997,2022-02-28 13:37:19,https://lgbtmilitary.org.ua/eng,lgbtmilitary.org.ua
5038699,5038793,5038793,1.498353221231956e+18,4921033299.0,mevrouwadvocaat,2022-02-28 17:43:40,https://lgbtmilitary.org.ua/eng,lgbtmilitary.org.ua
5039226,5039320,5039320,1.498353423191847e+18,27835506.0,ImaneAmsterdam,2022-02-28 17:44:28,https://lgbtmilitary.org.ua/eng,lgbtmilitary.org.ua
5101475,5101571,5101571,1.4983777757738967e+18,7.86251460216361e+17,Looki1133,2022-02-28 19:21:14,https://lgbtmilitary.org.ua/,lgbtmilitary.org.ua
5603301,5603407,5603407,1.4985744847139226e+18,1.101246156481446e+18,_klasycyzm,2022-03-01 08:22:53,https://lgbtmilitary.org.ua/,lgbtmilitary.org.ua
5856736,5856851,5856851,1.4986716077112443e+18,4371672197.0,lamiza_uwu,2022-03-01 14:48:49,https://lgbtmilitary.org.ua/,lgbtmilitary.org.ua
5971280,5971397,5971397,1.498716083246801e+18,952745082.0,KikiAdine,2022-03-01 17:45:33,https://lgbtmilitary.org.ua/,lgbtmilitary.org.ua
5975829,5975946,5975946,1.4987178619714724e+18,1609664540.0,sarcastic_riot,2022-03-01 17:52:37,https://lgbtmilitary.org.ua/,lgbtmilitary.org.ua
6039400,6039521,6039521,1.4987417026260992e+18,2160115334.0,dchbizlife,2022-03-01 19:27:21,https://lgbtmilitary.org.ua/,lgbtmilitary.org.ua
6066340,6066461,6066461,1.4987516807577846e+18,2799934021.0,LennyChevere,2022-03-01 20:07:00,https://lgbtmilitary.org.ua/,lgbtmilitary.org.ua
6126485,6126606,6126606,1.4987744056520417e+18,1.411348897872634e+18,LenBelta,2022-03-01 21:37:18,https://lgbtmilitary.org.ua/eng,lgbtmilitary.org.ua
6146341,6146462,6146462,1.4987816488334664e+18,7.571870185521848e+17,hhyeko,2022-03-01 22:06:05,https://lgbtmilitary.org.ua/,lgbtmilitary.org.ua
6287761,6287884,6287884,1.4988339683339223e+18,119996887.0,robinhahnsopran,2022-03-02 01:33:59,https://lgbtmilitary.org.ua/eng,lgbtmilitary.org.ua
6464242,6464366,6464366,1.4989046979393126e+18,1.4113473711459738e+18,romantictheoryz,2022-03-02 06:15:02,https://lgbtmilitary.org.ua/,lgbtmilitary.org.ua
6539519,6539646,6539646,1.4989334656092447e+18,1.087798369362346e+18,ahgdstedawtd,2022-03-02 08:09:21,https://lgbtmilitary.org.ua/,lgbtmilitary.org.ua
6554819,6554946,6554946,1.498938994708689e+18,1.2369310385695498e+18,MushroomCow__,2022-03-02 08:31:19,https://lgbtmilitary.org.ua/,lgbtmilitary.org.ua
6630072,6630201,6630201,1.4989670292814397e+18,1.2986479116439183e+18,mzdziagwa,2022-03-02 10:22:43,https://lgbtmilitary.org.ua/,lgbtmilitary.org.ua
6885253,6885391,6885391,1.499055130268029e+18,69310676.0,AnnaOverThere,2022-03-02 16:12:48,https://lgbtmilitary.org.ua/eng,lgbtmilitary.org.ua
7402005,7402152,7402152,1.499247493565059e+18,3973705818.0,iamthebleh,2022-03-03 04:57:11,https://lgbtmilitary.org.ua/eng,lgbtmilitary.org.ua
7410462,7410609,7410609,1.4992504836256154e+18,2826195741.0,DeusUmbra93,2022-03-03 05:09:04,https://lgbtmilitary.org.ua/,lgbtmilitary.org.ua
7756402,7756554,7756554,1.4993693806726472e+18,1.4277528908322324e+18,MyneGutenberg,2022-03-03 13:01:31,https://lgbtmilitary.org.ua/,lgbtmilitary.org.ua
12092260,12092500,12092500,1.5009548611432694e+18,9.484148134654936e+17,8Lemniscate,2022-03-07 22:01:39,https://lgbtmilitary.org.ua/,lgbtmilitary.org.ua
12093231,12093471,12093471,1.5009552337232896e+18,32678009.0,galwyn,2022-03-07 22:03:08,https://lgbtmilitary.org.ua/,lgbtmilitary.org.ua
12102177,12102417,12102417,1.500958987495248e+18,2422729004.0,ygsivo,2022-03-07 22:18:03,https://lgbtmilitary.org.ua/,lgbtmilitary.org.ua
12102877,12103117,12103117,1.500959264910844e+18,734698765.0,Liossie,2022-03-07 22:19:09,https://lgbtmilitary.org.ua/,lgbtmilitary.org.ua
12106132,12106372,12106372,1.5009605273124618e+18,904163580.0,OkolobahaTV,2022-03-07 22:24:10,https://lgbtmilitary.org.ua/,lgbtmilitary.org.ua
12170441,12170683,12170683,1.500985042729898e+18,1.4467030381782057e+18,stephen_crotts,2022-03-08 00:01:35,https://lgbtmilitary.org.ua/,lgbtmilitary.org.ua
12233705,12233949,12233949,1.5010083010389647e+18,246967968.0,ponpatrida,2022-03-08 01:34:01,https://lgbtmilitary.org.ua/,lgbtmilitary.org.ua
12258648,12258892,12258892,1.5010174483129016e+18,20357508.0,royngerng,2022-03-08 02:10:21,https://lgbtmilitary.org.ua/,lgbtmilitary.org.ua
12351115,12351363,12351363,1.5010510061882368e+18,1.4878508640983532e+18,SChristin61,2022-03-08 04:23:42,https://lgbtmilitary.org.ua/,lgbtmilitary.org.ua
12351731,12351979,12351979,1.5010512417403167e+18,615963.0,bangpound,2022-03-08 04:24:38,https://lgbtmilitary.org.ua/eng,lgbtmilitary.org.ua
12506932,12507186,12507186,1.5011042584809513e+18,2508248107.0,Roberto69272275,2022-03-08 07:55:19,https://lgbtmilitary.org.ua/,lgbtmilitary.org.ua
12540149,12540405,12540405,1.5011151963660698e+18,3391812754.0,Philceee1,2022-03-08 08:38:46,https://lgbtmilitary.org.ua/,lgbtmilitary.org.ua
12558761,12559017,12559017,1.501121333110915e+18,1.4251261827191972e+18,EmmaWaszczyszyn,2022-03-08 09:03:09,https://lgbtmilitary.org.ua/,lgbtmilitary.org.ua
12565869,12566125,12566125,1.5011237908471767e+18,18031780.0,stevepereziam,2022-03-08 09:12:55,https://lgbtmilitary.org.ua/,lgbtmilitary.org.ua
12567189,12567445,12567445,1.501124262140203e+18,1.495855082734297e+18,Ve30Ve,2022-03-08 09:14:48,https://lgbtmilitary.org.ua/,lgbtmilitary.org.ua
12569490,12569746,12569746,1.5011250588021965e+18,2539761778.0,arnewb,2022-03-08 09:17:58,https://lgbtmilitary.org.ua/,lgbtmilitary.org.ua
12573365,12573621,12573621,1.501126412383572e+18,7.611403749244314e+17,Sirl_linn,2022-03-08 09:23:20,https://lgbtmilitary.org.ua/,lgbtmilitary.org.ua
12628528,12628786,12628786,1.501145959438422e+18,3124644141.0,SilentFriend13,2022-03-08 10:41:01,https://lgbtmilitary.org.ua/,lgbtmilitary.org.ua
12756667,12756927,12756927,1.5011887557633884e+18,16799023.0,AliAbunimah,2022-03-08 13:31:04,https://lgbtmilitary.org.ua/eng,lgbtmilitary.org.ua
12764295,12764556,12764556,1.5011914239783485e+18,533885146.0,Liam_Tosh,2022-03-08 13:41:40,https://lgbtmilitary.org.ua/eng,lgbtmilitary.org.ua
16364684,16364995,16364995,1.5023626832192184e+18,1.2403773451790377e+18,NeilStone199,2022-03-11 19:15:50,https://lgbtmilitary.org.ua/,lgbtmilitary.org.ua
17590245,17590586,17590586,1.5027766372466074e+18,15677734.0,mig30m6,2022-03-12 22:40:45,https://lgbtmilitary.org.ua/,lgbtmilitary.org.ua
18147438,18147790,18147790,1.5029760967693558e+18,1.4982800051761152e+18,UKRAINE_PRIDE_,2022-03-13 11:53:20,http://lgbtmilitary.org.ua/eng,lgbtmilitary.org.ua
19343132,19343506,19343506,1.5033890713761956e+18,207907824.0,mm1xa,2022-03-14 15:14:20,https://lgbtmilitary.org.ua/eng,lgbtmilitary.org.ua
21308431,21308849,21308849,1.5040612838423716e+18,1945721444.0,mhroseman,2022-03-16 11:45:28,https://lgbtmilitary.org.ua/?fbclid=IwAR2m4EfPOxa6BA04iMLomNZikCeS5bNGJ9wnc5mh6iLLKrbBYhybBiKBBV8,lgbtmilitary.org.ua
21308689,21309107,21309107,1.5040613686511616e+18,12314722.0,pfdwxenon,2022-03-16 11:45:49,https://lgbtmilitary.org.ua/?fbclid=IwAR2m4EfPOxa6BA04iMLomNZikCeS5bNGJ9wnc5mh6iLLKrbBYhybBiKBBV8,lgbtmilitary.org.ua
21308767,21309185,21309185,1.504061396916781e+18,9.733868201415311e+17,AltairAcForever,2022-03-16 11:45:55,https://lgbtmilitary.org.ua/?fbclid=IwAR2m4EfPOxa6BA04iMLomNZikCeS5bNGJ9wnc5mh6iLLKrbBYhybBiKBBV8,lgbtmilitary.org.ua
21309034,21309452,21309452,1.5040614807942103e+18,1.152630271679828e+18,sadgrancy57,2022-03-16 11:46:15,https://lgbtmilitary.org.ua/?fbclid=IwAR2m4EfPOxa6BA04iMLomNZikCeS5bNGJ9wnc5mh6iLLKrbBYhybBiKBBV8,lgbtmilitary.org.ua
21310276,21310694,21310694,1.504061885494268e+18,1630147502.0,robotoasterdev,2022-03-16 11:47:52,https://lgbtmilitary.org.ua/?fbclid=IwAR2m4EfPOxa6BA04iMLomNZikCeS5bNGJ9wnc5mh6iLLKrbBYhybBiKBBV8,lgbtmilitary.org.ua
21310859,21311277,21311277,1.5040620729125028e+18,107039206.0,brian_ebre,2022-03-16 11:48:36,https://lgbtmilitary.org.ua/?fbclid=IwAR2m4EfPOxa6BA04iMLomNZikCeS5bNGJ9wnc5mh6iLLKrbBYhybBiKBBV8,lgbtmilitary.org.ua
21311687,21312105,21312105,1.5040623497618145e+18,42629597.0,ImpactMovie,2022-03-16 11:49:42,https://lgbtmilitary.org.ua/?fbclid=IwAR2m4EfPOxa6BA04iMLomNZikCeS5bNGJ9wnc5mh6iLLKrbBYhybBiKBBV8,lgbtmilitary.org.ua
21312159,21312577,21312577,1.5040624936222147e+18,1.4979594354105426e+18,UkraineOnGround,2022-03-16 11:50:17,https://lgbtmilitary.org.ua/?fbclid=IwAR2m4EfPOxa6BA04iMLomNZikCeS5bNGJ9wnc5mh6iLLKrbBYhybBiKBBV8,lgbtmilitary.org.ua
21312358,21312776,21312776,1.5040625520866632e+18,1.2160838470472376e+18,niner_raccoon,2022-03-16 11:50:31,https://lgbtmilitary.org.ua/?fbclid=IwAR2m4EfPOxa6BA04iMLomNZikCeS5bNGJ9wnc5mh6iLLKrbBYhybBiKBBV8,lgbtmilitary.org.ua
21313094,21313512,21313512,1.5040627780210852e+18,858577902.0,dalva0808,2022-03-16 11:51:25,https://lgbtmilitary.org.ua/?fbclid=IwAR2m4EfPOxa6BA04iMLomNZikCeS5bNGJ9wnc5mh6iLLKrbBYhybBiKBBV8,lgbtmilitary.org.ua
21313104,21313522,21313522,1.5040627789480755e+18,1.3274373694406697e+18,BreederChicago,2022-03-16 11:51:25,https://lgbtmilitary.org.ua/?fbclid=IwAR2m4EfPOxa6BA04iMLomNZikCeS5bNGJ9wnc5mh6iLLKrbBYhybBiKBBV8,lgbtmilitary.org.ua
21313999,21314417,21314417,1.5040630593875517e+18,26553112.0,Primarch359,2022-03-16 11:52:32,https://lgbtmilitary.org.ua/?fbclid=IwAR2m4EfPOxa6BA04iMLomNZikCeS5bNGJ9wnc5mh6iLLKrbBYhybBiKBBV8,lgbtmilitary.org.ua
21315967,21316385,21316385,1.504063691112829e+18,1.0329226248909948e+18,raj65025523,2022-03-16 11:55:02,https://lgbtmilitary.org.ua/?fbclid=IwAR2m4EfPOxa6BA04iMLomNZikCeS5bNGJ9wnc5mh6iLLKrbBYhybBiKBBV8,lgbtmilitary.org.ua
21316394,21316812,21316812,1.504063823166247e+18,20663414.0,Clouded_Yellow,2022-03-16 11:55:34,https://lgbtmilitary.org.ua/?fbclid=IwAR2m4EfPOxa6BA04iMLomNZikCeS5bNGJ9wnc5mh6iLLKrbBYhybBiKBBV8,lgbtmilitary.org.ua
21317757,21318175,21318175,1.504064261596885e+18,8.91092438789632e+17,AndreaBreannaNY,2022-03-16 11:57:18,https://lgbtmilitary.org.ua/?fbclid=IwAR2m4EfPOxa6BA04iMLomNZikCeS5bNGJ9wnc5mh6iLLKrbBYhybBiKBBV8,lgbtmilitary.org.ua
21317903,21318321,21318321,1.504064305486246e+18,1.383012717846401e+18,MF77005799,2022-03-16 11:57:29,https://lgbtmilitary.org.ua/?fbclid=IwAR2m4EfPOxa6BA04iMLomNZikCeS5bNGJ9wnc5mh6iLLKrbBYhybBiKBBV8,lgbtmilitary.org.ua
21318555,21318973,21318973,1.5040645095137198e+18,4413817101.0,SarahAshtonLV,2022-03-16 11:58:17,https://lgbtmilitary.org.ua/?fbclid=IwAR2m4EfPOxa6BA04iMLomNZikCeS5bNGJ9wnc5mh6iLLKrbBYhybBiKBBV8,lgbtmilitary.org.ua
21318775,21319193,21319193,1.5040645783548764e+18,1.1472212042411254e+18,Nikkitatruth,2022-03-16 11:58:34,https://lgbtmilitary.org.ua/?fbclid=IwAR2m4EfPOxa6BA04iMLomNZikCeS5bNGJ9wnc5mh6iLLKrbBYhybBiKBBV8,lgbtmilitary.org.ua
21319643,21320061,21320061,1.5040648670739907e+18,445440817.0,GingerNaTT,2022-03-16 11:59:43,https://lgbtmilitary.org.ua/?fbclid=IwAR2m4EfPOxa6BA04iMLomNZikCeS5bNGJ9wnc5mh6iLLKrbBYhybBiKBBV8,lgbtmilitary.org.ua
21319948,21320366,21320366,1.504064953959043e+18,1.421168385698771e+18,JasonVivier9,2022-03-16 12:00:03,https://lgbtmilitary.org.ua/?fbclid=IwAR2m4EfPOxa6BA04iMLomNZikCeS5bNGJ9wnc5mh6iLLKrbBYhybBiKBBV8,lgbtmilitary.org.ua
21321602,21322020,21322020,1.504065466255487e+18,233973865.0,GreatUncleHorsa,2022-03-16 12:02:05,https://lgbtmilitary.org.ua/?fbclid=IwAR2m4EfPOxa6BA04iMLomNZikCeS5bNGJ9wnc5mh6iLLKrbBYhybBiKBBV8,lgbtmilitary.org.ua
21323345,21323763,21323763,1.5040660076646769e+18,1.3473629305689252e+18,gwylgi,2022-03-16 12:04:15,https://lgbtmilitary.org.ua/?fbclid=IwAR2m4EfPOxa6BA04iMLomNZikCeS5bNGJ9wnc5mh6iLLKrbBYhybBiKBBV8,lgbtmilitary.org.ua
21323504,21323922,21323922,1.5040660579627254e+18,560312267.0,efge92,2022-03-16 12:04:27,https://lgbtmilitary.org.ua/?fbclid=IwAR2m4EfPOxa6BA04iMLomNZikCeS5bNGJ9wnc5mh6iLLKrbBYhybBiKBBV8,lgbtmilitary.org.ua
21325047,21325465,21325465,1.504066547521712e+18,1.356738039477846e+18,b10ndb0mbshe11,2022-03-16 12:06:23,https://lgbtmilitary.org.ua/?fbclid=IwAR2m4EfPOxa6BA04iMLomNZikCeS5bNGJ9wnc5mh6iLLKrbBYhybBiKBBV8,lgbtmilitary.org.ua
21329838,21330256,21330256,1.5040680706287288e+18,153862284.0,thatkruegergirl,2022-03-16 12:12:26,https://lgbtmilitary.org.ua/?fbclid=IwAR2m4EfPOxa6BA04iMLomNZikCeS5bNGJ9wnc5mh6iLLKrbBYhybBiKBBV8,lgbtmilitary.org.ua
21331134,21331552,21331552,1.5040684811421123e+18,1.359662411356242e+18,idiNakhuyPutin,2022-03-16 12:14:04,https://lgbtmilitary.org.ua/?fbclid=IwAR2m4EfPOxa6BA04iMLomNZikCeS5bNGJ9wnc5mh6iLLKrbBYhybBiKBBV8,lgbtmilitary.org.ua
21336634,21337052,21337052,1.5040702608650895e+18,127289951.0,SerendipitySays,2022-03-16 12:21:09,https://lgbtmilitary.org.ua/?fbclid=IwAR2m4EfPOxa6BA04iMLomNZikCeS5bNGJ9wnc5mh6iLLKrbBYhybBiKBBV8,lgbtmilitary.org.ua
21346465,21346883,21346883,1.5040733978898104e+18,1.476595692365824e+18,lindakellyphil2,2022-03-16 12:33:37,https://lgbtmilitary.org.ua/?fbclid=IwAR2m4EfPOxa6BA04iMLomNZikCeS5bNGJ9wnc5mh6iLLKrbBYhybBiKBBV8,lgbtmilitary.org.ua
21348048,21348466,21348466,1.5040739093305917e+18,85214963.0,rgolubev,2022-03-16 12:35:38,https://lgbtmilitary.org.ua/?fbclid=IwAR2m4EfPOxa6BA04iMLomNZikCeS5bNGJ9wnc5mh6iLLKrbBYhybBiKBBV8,lgbtmilitary.org.ua
21349619,21350037,21350037,1.5040744031847137e+18,478264617.0,JohnFromIdaho,2022-03-16 12:37:36,https://lgbtmilitary.org.ua/?fbclid=IwAR2m4EfPOxa6BA04iMLomNZikCeS5bNGJ9wnc5mh6iLLKrbBYhybBiKBBV8,lgbtmilitary.org.ua
21353643,21354061,21354061,1.504075662654681e+18,9.93220339478999e+17,AnCaldazar,2022-03-16 12:42:37,https://lgbtmilitary.org.ua/?fbclid=IwAR2m4EfPOxa6BA04iMLomNZikCeS5bNGJ9wnc5mh6iLLKrbBYhybBiKBBV8,lgbtmilitary.org.ua
21354372,21354790,21354790,1.504075897271632e+18,1.4967003234230354e+18,MCrowlin,2022-03-16 12:43:32,https://lgbtmilitary.org.ua/?fbclid=IwAR2m4EfPOxa6BA04iMLomNZikCeS5bNGJ9wnc5mh6iLLKrbBYhybBiKBBV8,lgbtmilitary.org.ua
21357453,21357871,21357871,1.504076824975917e+18,1086219487.0,Slivie07,2022-03-16 12:47:14,https://lgbtmilitary.org.ua/?fbclid=IwAR2m4EfPOxa6BA04iMLomNZikCeS5bNGJ9wnc5mh6iLLKrbBYhybBiKBBV8,lgbtmilitary.org.ua
21385157,21385575,21385575,1.504085220080894e+18,205530852.0,SenecaSteph,2022-03-16 13:20:35,https://lgbtmilitary.org.ua/?fbclid=IwAR2m4EfPOxa6BA04iMLomNZikCeS5bNGJ9wnc5mh6iLLKrbBYhybBiKBBV8,lgbtmilitary.org.ua
21413648,21414066,21414066,1.5040960037288468e+18,50429389.0,Marianne4Music,2022-03-16 14:03:26,https://lgbtmilitary.org.ua/?fbclid=IwAR2m4EfPOxa6BA04iMLomNZikCeS5bNGJ9wnc5mh6iLLKrbBYhybBiKBBV8,lgbtmilitary.org.ua
21441734,21442152,21442152,1.504106539820454e+18,1.4167187688903188e+18,metronanthropos,2022-03-16 14:45:18,https://lgbtmilitary.org.ua/?fbclid=IwAR2m4EfPOxa6BA04iMLomNZikCeS5bNGJ9wnc5mh6iLLKrbBYhybBiKBBV8,lgbtmilitary.org.ua
21450133,21450551,21450551,1.5041093795696067e+18,9.407590401283196e+17,CaliKaramel,2022-03-16 14:56:35,https://lgbtmilitary.org.ua/?fbclid=IwAR2m4EfPOxa6BA04iMLomNZikCeS5bNGJ9wnc5mh6iLLKrbBYhybBiKBBV8,lgbtmilitary.org.ua
21467023,21467441,21467441,1.5041153605759836e+18,17621578.0,fuzzlaw,2022-03-16 15:20:21,https://lgbtmilitary.org.ua/?fbclid=IwAR2m4EfPOxa6BA04iMLomNZikCeS5bNGJ9wnc5mh6iLLKrbBYhybBiKBBV8,lgbtmilitary.org.ua
21539843,21540264,21540264,1.50414295491448e+18,1.496756869271941e+18,world_medium,2022-03-16 17:10:00,https://lgbtmilitary.org.ua/?fbclid=IwAR2m4EfPOxa6BA04iMLomNZikCeS5bNGJ9wnc5mh6iLLKrbBYhybBiKBBV8,lgbtmilitary.org.ua
21645381,21645805,21645805,1.504183375275434e+18,129431513.0,djh668001,2022-03-16 19:50:37,https://lgbtmilitary.org.ua/?fbclid=IwAR2m4EfPOxa6BA04iMLomNZikCeS5bNGJ9wnc5mh6iLLKrbBYhybBiKBBV8,lgbtmilitary.org.ua
21860097,21860523,21860523,1.5042580966837862e+18,780986449.0,astrodude91,2022-03-17 00:47:32,https://lgbtmilitary.org.ua/?fbclid=IwAR2m4EfPOxa6BA04iMLomNZikCeS5bNGJ9wnc5mh6iLLKrbBYhybBiKBBV8,lgbtmilitary.org.ua
21873227,21873653,21873653,1.5042626244222362e+18,1.4932917227296113e+18,RachelTenerelli,2022-03-17 01:05:32,https://lgbtmilitary.org.ua/?fbclid=IwAR2m4EfPOxa6BA04iMLomNZikCeS5bNGJ9wnc5mh6iLLKrbBYhybBiKBBV8,lgbtmilitary.org.ua
21901804,21902230,21902230,1.504272353144062e+18,1.342567832832385e+18,sblivesay,2022-03-17 01:44:11,https://lgbtmilitary.org.ua/?fbclid=IwAR2m4EfPOxa6BA04iMLomNZikCeS5bNGJ9wnc5mh6iLLKrbBYhybBiKBBV8,lgbtmilitary.org.ua
21938141,21938567,21938567,1.5042837697122427e+18,629447345.0,Puc01829930,2022-03-17 02:29:33,https://lgbtmilitary.org.ua/?fbclid=IwAR2m4EfPOxa6BA04iMLomNZikCeS5bNGJ9wnc5mh6iLLKrbBYhybBiKBBV8,lgbtmilitary.org.ua
22008301,22008730,22008730,1.5043066089307914e+18,20596391.0,Isebrand,2022-03-17 04:00:18,https://lgbtmilitary.org.ua/?fbclid=IwAR2m4EfPOxa6BA04iMLomNZikCeS5bNGJ9wnc5mh6iLLKrbBYhybBiKBBV8,lgbtmilitary.org.ua
22030713,22031142,22031142,1.504313764287447e+18,97459853.0,FarrahFazal,2022-03-17 04:28:44,https://lgbtmilitary.org.ua/?fbclid=IwAR2m4EfPOxa6BA04iMLomNZikCeS5bNGJ9wnc5mh6iLLKrbBYhybBiKBBV8,lgbtmilitary.org.ua
22825277,22825729,22825729,1.5045579148199076e+18,1.0567590557950812e+18,BeauTFC,2022-03-17 20:38:54,https://lgbtmilitary.org.ua/?fbclid=IwAR2m4EfPOxa6BA04iMLomNZikCeS5bNGJ9wnc5mh6iLLKrbBYhybBiKBBV8,lgbtmilitary.org.ua
22825925,22826377,22826377,1.504558162342396e+18,1.3046421916675973e+18,Raveen4L,2022-03-17 20:39:53,https://lgbtmilitary.org.ua/?fbclid=IwAR2m4EfPOxa6BA04iMLomNZikCeS5bNGJ9wnc5mh6iLLKrbBYhybBiKBBV8,lgbtmilitary.org.ua
22826102,22826554,22826554,1.5045582248125194e+18,46648624.0,clutch64,2022-03-17 20:40:08,https://lgbtmilitary.org.ua/?fbclid=IwAR2m4EfPOxa6BA04iMLomNZikCeS5bNGJ9wnc5mh6iLLKrbBYhybBiKBBV8,lgbtmilitary.org.ua
22826456,22826908,22826908,1.5045583549491528e+18,2883074461.0,csprofessorhank,2022-03-17 20:40:39,https://lgbtmilitary.org.ua/?fbclid=IwAR2m4EfPOxa6BA04iMLomNZikCeS5bNGJ9wnc5mh6iLLKrbBYhybBiKBBV8,lgbtmilitary.org.ua
22826951,22827403,22827403,1.5045585241557688e+18,3300973485.0,Gridleysoxfan,2022-03-17 20:41:20,https://lgbtmilitary.org.ua/?fbclid=IwAR2m4EfPOxa6BA04iMLomNZikCeS5bNGJ9wnc5mh6iLLKrbBYhybBiKBBV8,lgbtmilitary.org.ua
22827003,22827455,22827455,1.5045585481428664e+18,1.0544307254437316e+18,DresdenEmperor,2022-03-17 20:41:25,https://lgbtmilitary.org.ua/?fbclid=IwAR2m4EfPOxa6BA04iMLomNZikCeS5bNGJ9wnc5mh6iLLKrbBYhybBiKBBV8,lgbtmilitary.org.ua
22827387,22827839,22827839,1.504558690438824e+18,1.298800050286469e+18,HoustonaCanadan,2022-03-17 20:41:59,https://lgbtmilitary.org.ua/?fbclid=IwAR2m4EfPOxa6BA04iMLomNZikCeS5bNGJ9wnc5mh6iLLKrbBYhybBiKBBV8,lgbtmilitary.org.ua
22827836,22828288,22828288,1.5045588507912602e+18,1.1408439583077007e+18,ExiledDragoon,2022-03-17 20:42:38,https://lgbtmilitary.org.ua/?fbclid=IwAR2m4EfPOxa6BA04iMLomNZikCeS5bNGJ9wnc5mh6iLLKrbBYhybBiKBBV8,lgbtmilitary.org.ua
22828238,22828690,22828690,1.5045590006832701e+18,1378152661.0,LeadfootedLion,2022-03-17 20:43:13,https://lgbtmilitary.org.ua/?fbclid=IwAR2m4EfPOxa6BA04iMLomNZikCeS5bNGJ9wnc5mh6iLLKrbBYhybBiKBBV8,lgbtmilitary.org.ua
22828539,22828991,22828991,1.5045591186898452e+18,1.0969625833853624e+18,StarScarredTree,2022-03-17 20:43:41,https://lgbtmilitary.org.ua/?fbclid=IwAR2m4EfPOxa6BA04iMLomNZikCeS5bNGJ9wnc5mh6iLLKrbBYhybBiKBBV8,lgbtmilitary.org.ua
22828662,22829114,22829114,1.504559166106452e+18,77511065.0,NORINEMUR,2022-03-17 20:43:53,https://lgbtmilitary.org.ua/?fbclid=IwAR2m4EfPOxa6BA04iMLomNZikCeS5bNGJ9wnc5mh6iLLKrbBYhybBiKBBV8,lgbtmilitary.org.ua
22829039,22829491,22829491,1.5045593111330693e+18,67471484.0,greeneyedtroubl,2022-03-17 20:44:27,https://lgbtmilitary.org.ua/?fbclid=IwAR2m4EfPOxa6BA04iMLomNZikCeS5bNGJ9wnc5mh6iLLKrbBYhybBiKBBV8,lgbtmilitary.org.ua
22829999,22830451,22830451,1.5045596683702354e+18,7.72933314428674e+17,milo_curtis,2022-03-17 20:45:52,https://lgbtmilitary.org.ua/?fbclid=IwAR2m4EfPOxa6BA04iMLomNZikCeS5bNGJ9wnc5mh6iLLKrbBYhybBiKBBV8,lgbtmilitary.org.ua
22830128,22830580,22830580,1.5045597156819763e+18,2955119844.0,GodwinJama,2022-03-17 20:46:04,https://lgbtmilitary.org.ua/?fbclid=IwAR2m4EfPOxa6BA04iMLomNZikCeS5bNGJ9wnc5mh6iLLKrbBYhybBiKBBV8,lgbtmilitary.org.ua
22831852,22832304,22832304,1.5045603383347282e+18,2944546772.0,MakutaScarlet,2022-03-17 20:48:32,https://lgbtmilitary.org.ua/?fbclid=IwAR2m4EfPOxa6BA04iMLomNZikCeS5bNGJ9wnc5mh6iLLKrbBYhybBiKBBV8,lgbtmilitary.org.ua
22833747,22834199,22834199,1.5045610516685169e+18,1.306851794102956e+18,buckaroo1971,2022-03-17 20:51:22,https://lgbtmilitary.org.ua/?fbclid=IwAR2m4EfPOxa6BA04iMLomNZikCeS5bNGJ9wnc5mh6iLLKrbBYhybBiKBBV8,lgbtmilitary.org.ua
22835230,22835682,22835682,1.5045616175221105e+18,1.4157670403427574e+18,LaniusRyan,2022-03-17 20:53:37,https://lgbtmilitary.org.ua/?fbclid=IwAR2m4EfPOxa6BA04iMLomNZikCeS5bNGJ9wnc5mh6iLLKrbBYhybBiKBBV8,lgbtmilitary.org.ua
22836079,22836531,22836531,1.5045619456550093e+18,876303480.0,baerhealth,2022-03-17 20:54:55,https://lgbtmilitary.org.ua/?fbclid=IwAR2m4EfPOxa6BA04iMLomNZikCeS5bNGJ9wnc5mh6iLLKrbBYhybBiKBBV8,lgbtmilitary.org.ua
22838877,22839329,22839329,1.5045630112851026e+18,2657361602.0,JCooper459,2022-03-17 20:59:09,https://lgbtmilitary.org.ua/?fbclid=IwAR2m4EfPOxa6BA04iMLomNZikCeS5bNGJ9wnc5mh6iLLKrbBYhybBiKBBV8,lgbtmilitary.org.ua
22840910,22841362,22841362,1.504563749432316e+18,1.5030887416568013e+18,LBrython,2022-03-17 21:02:05,https://lgbtmilitary.org.ua/?fbclid=IwAR2m4EfPOxa6BA04iMLomNZikCeS5bNGJ9wnc5mh6iLLKrbBYhybBiKBBV8,lgbtmilitary.org.ua
22842690,22843142,22843142,1.5045643775838208e+18,44687177.0,karencaseysmith,2022-03-17 21:04:35,https://lgbtmilitary.org.ua/?fbclid=IwAR2m4EfPOxa6BA04iMLomNZikCeS5bNGJ9wnc5mh6iLLKrbBYhybBiKBBV8,lgbtmilitary.org.ua
22842844,22843296,22843296,1.5045644367025316e+18,7.415785377573806e+17,deathsquadsoil,2022-03-17 21:04:49,https://lgbtmilitary.org.ua/?fbclid=IwAR2m4EfPOxa6BA04iMLomNZikCeS5bNGJ9wnc5mh6iLLKrbBYhybBiKBBV8,lgbtmilitary.org.ua
22847255,22847707,22847707,1.504566026746282e+18,820525968.0,Pyewacketstare,2022-03-17 21:11:08,https://lgbtmilitary.org.ua/?fbclid=IwAR2m4EfPOxa6BA04iMLomNZikCeS5bNGJ9wnc5mh6iLLKrbBYhybBiKBBV8,lgbtmilitary.org.ua
22848073,22848525,22848525,1.5045663383077396e+18,2472701580.0,DXLecter,2022-03-17 21:12:23,https://lgbtmilitary.org.ua/?fbclid=IwAR2m4EfPOxa6BA04iMLomNZikCeS5bNGJ9wnc5mh6iLLKrbBYhybBiKBBV8,lgbtmilitary.org.ua
22848999,22849451,22849451,1.5045666849417953e+18,1.3563574346050028e+18,EarthsideManuf1,2022-03-17 21:13:45,https://lgbtmilitary.org.ua/?fbclid=IwAR2m4EfPOxa6BA04iMLomNZikCeS5bNGJ9wnc5mh6iLLKrbBYhybBiKBBV8,lgbtmilitary.org.ua
22852877,22853329,22853329,1.5045681584804372e+18,1.243951716887941e+18,TheProletaria11,2022-03-17 21:19:37,https://lgbtmilitary.org.ua/?fbclid=IwAR2m4EfPOxa6BA04iMLomNZikCeS5bNGJ9wnc5mh6iLLKrbBYhybBiKBBV8,lgbtmilitary.org.ua
22854881,22855333,22855333,1.5045688905373778e+18,136423481.0,sionnachteine,2022-03-17 21:22:31,https://lgbtmilitary.org.ua/?fbclid=IwAR2m4EfPOxa6BA04iMLomNZikCeS5bNGJ9wnc5mh6iLLKrbBYhybBiKBBV8,lgbtmilitary.org.ua
22856627,22857079,22857079,1.5045695794686362e+18,2575401450.0,AWereChicken,2022-03-17 21:25:15,https://lgbtmilitary.org.ua/?fbclid=IwAR2m4EfPOxa6BA04iMLomNZikCeS5bNGJ9wnc5mh6iLLKrbBYhybBiKBBV8,lgbtmilitary.org.ua
22857065,22857517,22857517,1.5045697549876756e+18,7.721794920853627e+17,NotJockMidwest,2022-03-17 21:25:57,https://lgbtmilitary.org.ua/?fbclid=IwAR2m4EfPOxa6BA04iMLomNZikCeS5bNGJ9wnc5mh6iLLKrbBYhybBiKBBV8,lgbtmilitary.org.ua
22860732,22861184,22861184,1.5045711400601928e+18,1.478350522017067e+18,HealThruHistory,2022-03-17 21:31:28,https://lgbtmilitary.org.ua/?fbclid=IwAR2m4EfPOxa6BA04iMLomNZikCeS5bNGJ9wnc5mh6iLLKrbBYhybBiKBBV8,lgbtmilitary.org.ua
22860909,22861361,22861361,1.504571209983398e+18,93138378.0,SonoHTigris,2022-03-17 21:31:44,https://lgbtmilitary.org.ua/?fbclid=IwAR2m4EfPOxa6BA04iMLomNZikCeS5bNGJ9wnc5mh6iLLKrbBYhybBiKBBV8,lgbtmilitary.org.ua
22867963,22868415,22868415,1.50457394240888e+18,1.0942858745636332e+18,vewybadwabbit,2022-03-17 21:42:36,https://lgbtmilitary.org.ua/?fbclid=IwAR2m4EfPOxa6BA04iMLomNZikCeS5bNGJ9wnc5mh6iLLKrbBYhybBiKBBV8,lgbtmilitary.org.ua
22868369,22868821,22868821,1.504574101033087e+18,723496350.0,ShelleeOfOly,2022-03-17 21:43:13,https://lgbtmilitary.org.ua/?fbclid=IwAR2m4EfPOxa6BA04iMLomNZikCeS5bNGJ9wnc5mh6iLLKrbBYhybBiKBBV8,lgbtmilitary.org.ua
22869946,22870398,22870398,1.5045747040859218e+18,1.4126196269078036e+18,GreenGuerilla1,2022-03-17 21:45:37,https://lgbtmilitary.org.ua/?fbclid=IwAR2m4EfPOxa6BA04iMLomNZikCeS5bNGJ9wnc5mh6iLLKrbBYhybBiKBBV8,lgbtmilitary.org.ua
22876994,22877446,22877446,1.504577414076285e+18,63522864.0,mod19girl,2022-03-17 21:56:23,https://lgbtmilitary.org.ua/?fbclid=IwAR2m4EfPOxa6BA04iMLomNZikCeS5bNGJ9wnc5mh6iLLKrbBYhybBiKBBV8,lgbtmilitary.org.ua
22878502,22878954,22878954,1.504577980022104e+18,385884253.0,Cobbifer,2022-03-17 21:58:38,https://lgbtmilitary.org.ua/?fbclid=IwAR2m4EfPOxa6BA04iMLomNZikCeS5bNGJ9wnc5mh6iLLKrbBYhybBiKBBV8,lgbtmilitary.org.ua
22907944,22908397,22908397,1.5045890586427515e+18,7.033924468441825e+17,Damian0358,2022-03-17 22:42:40,https://lgbtmilitary.org.ua/?fbclid=IwAR2m4EfPOxa6BA04iMLomNZikCeS5bNGJ9wnc5mh6iLLKrbBYhybBiKBBV8,lgbtmilitary.org.ua
22912817,22913270,22913270,1.5045908606749532e+18,1.3371305235635814e+18,FireweedV,2022-03-17 22:49:49,https://lgbtmilitary.org.ua/?fbclid=IwAR2m4EfPOxa6BA04iMLomNZikCeS5bNGJ9wnc5mh6iLLKrbBYhybBiKBBV8,lgbtmilitary.org.ua
22926742,22927198,22927198,1.50459607961813e+18,22161797.0,menorman,2022-03-17 23:10:34,https://lgbtmilitary.org.ua/?fbclid=IwAR2m4EfPOxa6BA04iMLomNZikCeS5bNGJ9wnc5mh6iLLKrbBYhybBiKBBV8,lgbtmilitary.org.ua
22928705,22929161,22929161,1.5045968011432755e+18,2476121592.0,BaconG70,2022-03-17 23:13:26,https://lgbtmilitary.org.ua/?fbclid=IwAR2m4EfPOxa6BA04iMLomNZikCeS5bNGJ9wnc5mh6iLLKrbBYhybBiKBBV8,lgbtmilitary.org.ua
22938522,22938978,22938978,1.504600537190355e+18,22707692.0,JonUPS_,2022-03-17 23:28:16,https://lgbtmilitary.org.ua/?fbclid=IwAR2m4EfPOxa6BA04iMLomNZikCeS5bNGJ9wnc5mh6iLLKrbBYhybBiKBBV8,lgbtmilitary.org.ua
22939595,22940051,22940051,1.5046009310228726e+18,32437817.0,maegutz,2022-03-17 23:29:50,https://lgbtmilitary.org.ua/?fbclid=IwAR2m4EfPOxa6BA04iMLomNZikCeS5bNGJ9wnc5mh6iLLKrbBYhybBiKBBV8,lgbtmilitary.org.ua
22941002,22941458,22941458,1.5046014341925847e+18,2263320834.0,PsychoRooks,2022-03-17 23:31:50,https://lgbtmilitary.org.ua/?fbclid=IwAR2m4EfPOxa6BA04iMLomNZikCeS5bNGJ9wnc5mh6iLLKrbBYhybBiKBBV8,lgbtmilitary.org.ua
22943621,22944077,22944077,1.5046023914962084e+18,7703052.0,mactavish,2022-03-17 23:35:38,https://lgbtmilitary.org.ua/?fbclid=IwAR2m4EfPOxa6BA04iMLomNZikCeS5bNGJ9wnc5mh6iLLKrbBYhybBiKBBV8,lgbtmilitary.org.ua
22956230,22956687,22956687,1.504607228791296e+18,323336477.0,Rochieren,2022-03-17 23:54:52,https://lgbtmilitary.org.ua/?fbclid=IwAR2m4EfPOxa6BA04iMLomNZikCeS5bNGJ9wnc5mh6iLLKrbBYhybBiKBBV8,lgbtmilitary.org.ua
22962256,22962713,22962713,1.5046094984844288e+18,3837896189.0,_joaogui1,2022-03-18 00:03:53,https://lgbtmilitary.org.ua/?fbclid=IwAR2m4EfPOxa6BA04iMLomNZikCeS5bNGJ9wnc5mh6iLLKrbBYhybBiKBBV8,lgbtmilitary.org.ua
22967286,22967744,22967744,1.5046113165893386e+18,1.326028969712423e+18,wotfreshell,2022-03-18 00:11:06,https://lgbtmilitary.org.ua/?fbclid=IwAR2m4EfPOxa6BA04iMLomNZikCeS5bNGJ9wnc5mh6iLLKrbBYhybBiKBBV8,lgbtmilitary.org.ua
22967609,22968067,22968067,1.5046114260564255e+18,1.287338380318081e+18,RzczNIEposplita,2022-03-18 00:11:32,https://lgbtmilitary.org.ua/?fbclid=IwAR2m4EfPOxa6BA04iMLomNZikCeS5bNGJ9wnc5mh6iLLKrbBYhybBiKBBV8,lgbtmilitary.org.ua
22973638,22974096,22974096,1.5046136230412083e+18,1.2756623790581678e+18,noondlyt,2022-03-18 00:20:16,https://lgbtmilitary.org.ua/?fbclid=IwAR2m4EfPOxa6BA04iMLomNZikCeS5bNGJ9wnc5mh6iLLKrbBYhybBiKBBV8,lgbtmilitary.org.ua
22983738,22984196,22984196,1.5046175821915546e+18,1.500427056382767e+18,MoOubliette,2022-03-18 00:36:00,https://lgbtmilitary.org.ua/?fbclid=IwAR2m4EfPOxa6BA04iMLomNZikCeS5bNGJ9wnc5mh6iLLKrbBYhybBiKBBV8,lgbtmilitary.org.ua
22986431,22986889,22986889,1.504618570394833e+18,1.29594913873186e+18,Am_Sparky1,2022-03-18 00:39:56,https://lgbtmilitary.org.ua/?fbclid=IwAR2m4EfPOxa6BA04iMLomNZikCeS5bNGJ9wnc5mh6iLLKrbBYhybBiKBBV8,lgbtmilitary.org.ua
23022161,23022621,23022621,1.5046320609289626e+18,1418199126.0,Patrici74818940,2022-03-18 01:33:32,https://lgbtmilitary.org.ua/?fbclid=IwAR2m4EfPOxa6BA04iMLomNZikCeS5bNGJ9wnc5mh6iLLKrbBYhybBiKBBV8,lgbtmilitary.org.ua
23024690,23025150,23025150,1.5046330221417677e+18,542015465.0,alana_borsa,2022-03-18 01:37:21,https://lgbtmilitary.org.ua/?fbclid=IwAR2m4EfPOxa6BA04iMLomNZikCeS5bNGJ9wnc5mh6iLLKrbBYhybBiKBBV8,lgbtmilitary.org.ua
23065647,23066108,23066108,1.5046476248627528e+18,8.242702537356165e+17,LisaMenery,2022-03-18 02:35:23,https://lgbtmilitary.org.ua/?fbclid=IwAR2m4EfPOxa6BA04iMLomNZikCeS5bNGJ9wnc5mh6iLLKrbBYhybBiKBBV8,lgbtmilitary.org.ua
23094637,23095099,23095099,1.504658374851453e+18,54258017.0,lairdude,2022-03-18 03:18:06,https://lgbtmilitary.org.ua/?fbclid=IwAR2m4EfPOxa6BA04iMLomNZikCeS5bNGJ9wnc5mh6iLLKrbBYhybBiKBBV8,lgbtmilitary.org.ua
23101968,23102430,23102430,1.504661151522726e+18,3120678827.0,MSU_BULLDAWG,2022-03-18 03:29:08,https://lgbtmilitary.org.ua/?fbclid=IwAR2m4EfPOxa6BA04iMLomNZikCeS5bNGJ9wnc5mh6iLLKrbBYhybBiKBBV8,lgbtmilitary.org.ua
23113714,23114176,23114176,1.504665367020458e+18,485215756.0,OnTheOtherHanna,2022-03-18 03:45:53,https://lgbtmilitary.org.ua/?fbclid=IwAR2m4EfPOxa6BA04iMLomNZikCeS5bNGJ9wnc5mh6iLLKrbBYhybBiKBBV8,lgbtmilitary.org.ua
23181448,23181910,23181910,1.5046910151390822e+18,20491914.0,UnknownOutrider,2022-03-18 05:27:48,https://lgbtmilitary.org.ua/?fbclid=IwAR2m4EfPOxa6BA04iMLomNZikCeS5bNGJ9wnc5mh6iLLKrbBYhybBiKBBV8,lgbtmilitary.org.ua
23257529,23257991,23257991,1.5047181423077212e+18,963345523.0,evrypaneofglass,2022-03-18 07:15:36,https://lgbtmilitary.org.ua/?fbclid=IwAR2m4EfPOxa6BA04iMLomNZikCeS5bNGJ9wnc5mh6iLLKrbBYhybBiKBBV8,lgbtmilitary.org.ua
23278912,23279375,23279375,1.5047251770237501e+18,4737453317.0,RonenForChange,2022-03-18 07:43:33,https://lgbtmilitary.org.ua/?fbclid=IwAR2m4EfPOxa6BA04iMLomNZikCeS5bNGJ9wnc5mh6iLLKrbBYhybBiKBBV8,lgbtmilitary.org.ua
23279548,23280011,23280011,1.504725402492756e+18,2439102402.0,jidouhanbaikiua,2022-03-18 07:44:27,https://lgbtmilitary.org.ua/?fbclid=IwAR2m4EfPOxa6BA04iMLomNZikCeS5bNGJ9wnc5mh6iLLKrbBYhybBiKBBV8,lgbtmilitary.org.ua
23281549,23282012,23282012,1.5047260650208215e+18,8.887499453098435e+17,spacemurmurs,2022-03-18 07:47:05,https://lgbtmilitary.org.ua/?fbclid=IwAR2m4EfPOxa6BA04iMLomNZikCeS5bNGJ9wnc5mh6iLLKrbBYhybBiKBBV8,lgbtmilitary.org.ua
23290426,23290889,23290889,1.504728980896768e+18,963345523.0,evrypaneofglass,2022-03-18 07:58:40,https://lgbtmilitary.org.ua/?fbclid=IwAR2m4EfPOxa6BA04iMLomNZikCeS5bNGJ9wnc5mh6iLLKrbBYhybBiKBBV8,lgbtmilitary.org.ua
23390082,23390546,23390546,1.5047604099451658e+18,1.5009888120252785e+18,LynMac87,2022-03-18 10:03:33,https://lgbtmilitary.org.ua/?fbclid=IwAR2m4EfPOxa6BA04iMLomNZikCeS5bNGJ9wnc5mh6iLLKrbBYhybBiKBBV8,lgbtmilitary.org.ua
23623067,23623534,23623534,1.50483704178312e+18,9.463922936107868e+17,Bing884,2022-03-18 15:08:03,https://lgbtmilitary.org.ua/?fbclid=IwAR2m4EfPOxa6BA04iMLomNZikCeS5bNGJ9wnc5mh6iLLKrbBYhybBiKBBV8,lgbtmilitary.org.ua
23704513,23704981,23704981,1.5048638106701865e+18,17430917.0,segfaultvicta,2022-03-18 16:54:26,https://lgbtmilitary.org.ua/?fbclid=IwAR2m4EfPOxa6BA04iMLomNZikCeS5bNGJ9wnc5mh6iLLKrbBYhybBiKBBV8,lgbtmilitary.org.ua
23814893,23815366,23815366,1.5049002048054272e+18,477393087.0,TheFaerieOracle,2022-03-18 19:19:03,https://lgbtmilitary.org.ua/?fbclid=IwAR2m4EfPOxa6BA04iMLomNZikCeS5bNGJ9wnc5mh6iLLKrbBYhybBiKBBV8,lgbtmilitary.org.ua
23917770,23918246,23918246,1.504936133171495e+18,428520597.0,UHNGirl,2022-03-18 21:41:49,https://lgbtmilitary.org.ua/?fbclid=IwAR2m4EfPOxa6BA04iMLomNZikCeS5bNGJ9wnc5mh6iLLKrbBYhybBiKBBV8,lgbtmilitary.org.ua
24123123,24123600,24123600,1.505008397715841e+18,14416477.0,mxnightshade,2022-03-19 02:28:58,https://lgbtmilitary.org.ua/,lgbtmilitary.org.ua
24593402,24593893,24593893,1.5051694027439555e+18,43983111.0,peaceweavers,2022-03-19 13:08:44,https://lgbtmilitary.org.ua/?fbclid=IwAR2m4EfPOxa6BA04iMLomNZikCeS5bNGJ9wnc5mh6iLLKrbBYhybBiKBBV8,lgbtmilitary.org.ua
24793413,24793907,24793907,1.5052336547542508e+18,616291101.0,00K3VIN,2022-03-19 17:24:03,https://lgbtmilitary.org.ua/,lgbtmilitary.org.ua
24793490,24793984,24793984,1.505233681153028e+18,1.0951468588490383e+18,MorriganResists,2022-03-19 17:24:10,http://lgbtmilitary.org.ua,lgbtmilitary.org.ua
24794521,24795015,24795015,1.5052340277663375e+18,1.300767523521155e+18,Lottie_Smith_,2022-03-19 17:25:32,https://lgbtmilitary.org.ua/,lgbtmilitary.org.ua
24795011,24795505,24795505,1.5052341917216358e+18,298732443.0,AWollstad,2022-03-19 17:26:11,https://lgbtmilitary.org.ua/,lgbtmilitary.org.ua
24795576,24796070,24796070,1.5052343845757338e+18,4247191102.0,Pamela01714,2022-03-19 17:26:57,https://lgbtmilitary.org.ua/,lgbtmilitary.org.ua
24800331,24800825,24800825,1.5052359455361638e+18,8.736540639671542e+17,obligatoryref,2022-03-19 17:33:10,https://lgbtmilitary.org.ua/,lgbtmilitary.org.ua
24812140,24812634,24812634,1.5052400426625024e+18,1.010870738197377e+18,fontyisthere,2022-03-19 17:49:26,https://lgbtmilitary.org.ua/,lgbtmilitary.org.ua
24812255,24812749,24812749,1.5052400804364083e+18,960594192.0,sinekurre,2022-03-19 17:49:35,https://lgbtmilitary.org.ua/,lgbtmilitary.org.ua
24819436,24819930,24819930,1.5052424810127155e+18,28413706.0,jonbran,2022-03-19 17:59:08,https://lgbtmilitary.org.ua/,lgbtmilitary.org.ua
24822416,24822910,24822910,1.5052434241942856e+18,2409658771.0,PANGOLIN_2,2022-03-19 18:02:53,https://lgbtmilitary.org.ua/,lgbtmilitary.org.ua
24833061,24833556,24833556,1.505247061133906e+18,253142254.0,stevenabarnes3,2022-03-19 18:17:20,https://lgbtmilitary.org.ua/,lgbtmilitary.org.ua
24838713,24839208,24839208,1.5052490703271526e+18,1.1397855237557044e+18,b_kurin,2022-03-19 18:25:19,https://lgbtmilitary.org.ua/,lgbtmilitary.org.ua
24846175,24846670,24846670,1.5052516820531528e+18,9.270910418445476e+17,adelheidspira,2022-03-19 18:35:41,https://lgbtmilitary.org.ua/,lgbtmilitary.org.ua
24884928,24885423,24885423,1.505265102907396e+18,100057637.0,astudyinamber,2022-03-19 19:29:01,https://lgbtmilitary.org.ua/,lgbtmilitary.org.ua
24905965,24906461,24906461,1.5052726822579282e+18,326048983.0,azabaro,2022-03-19 19:59:08,https://lgbtmilitary.org.ua/?fbclid=IwAR2m4EfPOxa6BA04iMLomNZikCeS5bNGJ9wnc5mh6iLLKrbBYhybBiKBBV8,lgbtmilitary.org.ua
24966807,24967303,24967303,1.505294039532413e+18,7.459704530306785e+17,wechoosewisdom,2022-03-19 21:24:00,https://lgbtmilitary.org.ua/,lgbtmilitary.org.ua
25072834,25073330,25073330,1.505331195734864e+18,1.408564890403496e+18,Sunrise51483238,2022-03-19 23:51:39,https://lgbtmilitary.org.ua/,lgbtmilitary.org.ua
25088470,25088966,25088966,1.5053367672720835e+18,28437034.0,inlayterms,2022-03-20 00:13:47,http://lgbtmilitary.org.ua,lgbtmilitary.org.ua
25142768,25143265,25143265,1.5053569657609748e+18,47210097.0,infinite_me,2022-03-20 01:34:03,https://lgbtmilitary.org.ua/?fbclid=IwAR2m4EfPOxa6BA04iMLomNZikCeS5bNGJ9wnc5mh6iLLKrbBYhybBiKBBV8,lgbtmilitary.org.ua
25215155,25215654,25215654,1.5053865532496036e+18,30815744.0,strikingdragon,2022-03-20 03:31:37,https://lgbtmilitary.org.ua/?fbclid=IwAR2m4EfPOxa6BA04iMLomNZikCeS5bNGJ9wnc5mh6iLLKrbBYhybBiKBBV8,lgbtmilitary.org.ua
25317770,25318270,25318270,1.5054327964410593e+18,1.268980821177913e+18,the_Morrigan1,2022-03-20 06:35:22,https://lgbtmilitary.org.ua/?fbclid=IwAR2m4EfPOxa6BA04iMLomNZikCeS5bNGJ9wnc5mh6iLLKrbBYhybBiKBBV8,lgbtmilitary.org.ua
25675718,25676228,25676228,1.5055593554454528e+18,1.2835517398793175e+18,StonemanMarcus,2022-03-20 14:58:16,https://lgbtmilitary.org.ua/?fbclid=IwAR2m4EfPOxa6BA04iMLomNZikCeS5bNGJ9wnc5mh6iLLKrbBYhybBiKBBV8,lgbtmilitary.org.ua
25727033,25727545,25727545,1.5055775844736164e+18,912562688.0,cosmograndma,2022-03-20 16:10:43,https://lgbtmilitary.org.ua/eng,lgbtmilitary.org.ua
27159874,27160400,27160400,1.5061109864654602e+18,1.24467097271373e+18,Laces20288055,2022-03-22 03:30:16,https://lgbtmilitary.org.ua/?fbclid=IwAR2m4EfPOxa6BA04iMLomNZikCeS5bNGJ9wnc5mh6iLLKrbBYhybBiKBBV8,lgbtmilitary.org.ua
27173622,27174148,27174148,1.506117209940271e+18,1.1453905737691505e+18,mollythemoggie,2022-03-22 03:54:59,https://lgbtmilitary.org.ua/?fbclid=IwAR2m4EfPOxa6BA04iMLomNZikCeS5bNGJ9wnc5mh6iLLKrbBYhybBiKBBV8,lgbtmilitary.org.ua
28845935,28846512,28846512,1.506710487576236e+18,4278336316.0,MaxJovenGay,2022-03-23 19:12:28,https://lgbtmilitary.org.ua/,lgbtmilitary.org.ua
28854019,28854597,28854597,1.5067132238396006e+18,541029035.0,heidikaartinen,2022-03-23 19:23:20,https://lgbtmilitary.org.ua/,lgbtmilitary.org.ua
29229325,29229913,29229913,1.5068487980053586e+18,7.32845008592724e+17,Commentator1776,2022-03-24 04:22:03,https://lgbtmilitary.org.ua/,lgbtmilitary.org.ua
32093609,32094265,32094265,1.5078629234898166e+18,871503571.0,forest_diver,2022-03-26 23:31:50,https://lgbtmilitary.org.ua/eng,lgbtmilitary.org.ua
32094424,32095080,32095080,1.5078632693185782e+18,871503571.0,forest_diver,2022-03-26 23:33:12,https://lgbtmilitary.org.ua/eng,lgbtmilitary.org.ua
32124246,32124903,32124903,1.5078756638684774e+18,1.4998849528795136e+18,anykoni17,2022-03-27 00:22:27,https://lgbtmilitary.org.ua/eng,lgbtmilitary.org.ua
32214473,32215133,32215133,1.5079188729927844e+18,871503571.0,forest_diver,2022-03-27 03:14:09,https://lgbtmilitary.org.ua/eng,lgbtmilitary.org.ua
32426994,32427658,32427658,1.5080197173652849e+18,3360784469.0,GenVague,2022-03-27 09:54:52,https://lgbtmilitary.org.ua/,lgbtmilitary.org.ua
33998043,33998737,33998737,1.508669302278398e+18,9489852.0,cuuixsilver,2022-03-29 04:56:06,https://lgbtmilitary.org.ua/,lgbtmilitary.org.ua
34994643,34995365,34995365,1.5090999327325635e+18,1.2264903391895142e+18,nikoshi7,2022-03-30 09:27:16,https://lgbtmilitary.org.ua/,lgbtmilitary.org.ua
35070502,35071228,35071228,1.5091296653191414e+18,1.231498623365501e+18,kiwi_cynical,2022-03-30 11:25:25,https://lgbtmilitary.org.ua/,lgbtmilitary.org.ua
35380407,35381144,35381144,1.5092292416736952e+18,115654697.0,fkfhbr,2022-03-30 18:01:05,http://lgbtmilitary.org.ua/eng,lgbtmilitary.org.ua
35429478,35430216,35430216,1.5092458731124244e+18,796826161.0,Dari_Aquida,2022-03-30 19:07:11,https://lgbtmilitary.org.ua/,lgbtmilitary.org.ua
40279429,40280318,40280318,1.5116478860350095e+18,29019427.0,Kosmogrrrl,2022-04-06 10:11:55,https://lgbtmilitary.org.ua/,lgbtmilitary.org.ua
41614968,41615877,41615877,1.5121581570695045e+18,4832204015.0,AndrzejWNowak1,2022-04-07 19:59:33,https://lgbtmilitary.org.ua/eng,lgbtmilitary.org.ua
41615017,41615926,41615926,1.5121581718587064e+18,38475661.0,breezyshade007,2022-04-07 19:59:37,https://lgbtmilitary.org.ua/eng,lgbtmilitary.org.ua
41615651,41616560,41616560,1.5121583901638042e+18,1.3712259245161144e+18,vlsdllv,2022-04-07 20:00:29,https://lgbtmilitary.org.ua/eng,lgbtmilitary.org.ua
41616010,41616919,41616919,1.5121585146466017e+18,2612142824.0,Ekodeb1,2022-04-07 20:00:59,https://lgbtmilitary.org.ua/eng,lgbtmilitary.org.ua
41616696,41617605,41617605,1.5121587506977874e+18,54466755.0,rebels2008,2022-04-07 20:01:55,https://lgbtmilitary.org.ua/eng,lgbtmilitary.org.ua
41621116,41622025,41622025,1.5121602839045407e+18,3935553925.0,clashpandaRay1,2022-04-07 20:08:00,https://lgbtmilitary.org.ua/eng,lgbtmilitary.org.ua
41624538,41625447,41625447,1.5121614616232673e+18,1.3250621529741107e+18,54brina1,2022-04-07 20:12:41,https://lgbtmilitary.org.ua/eng,lgbtmilitary.org.ua
41625434,41626343,41626343,1.512161796957741e+18,9.704953281504338e+17,sue81015484,2022-04-07 20:14:01,https://lgbtmilitary.org.ua/eng,lgbtmilitary.org.ua
41629033,41629942,41629942,1.512163002983846e+18,9.985085240817624e+17,calamityjen1318,2022-04-07 20:18:49,https://lgbtmilitary.org.ua/eng,lgbtmilitary.org.ua
41637243,41638152,41638152,1.5121659102572257e+18,67171013.0,AstuteCitizen,2022-04-07 20:30:22,https://lgbtmilitary.org.ua/eng,lgbtmilitary.org.ua
41666622,41667531,41667531,1.5121765750973276e+18,1678892690.0,Storstrut1,2022-04-07 21:12:45,https://lgbtmilitary.org.ua/eng,lgbtmilitary.org.ua
41679880,41680789,41680789,1.5121811442083758e+18,19478009.0,rgyatso,2022-04-07 21:30:54,https://lgbtmilitary.org.ua/eng,lgbtmilitary.org.ua
41709185,41710094,41710094,1.5121920955110031e+18,273028890.0,0ok,2022-04-07 22:14:25,https://lgbtmilitary.org.ua/eng,lgbtmilitary.org.ua
41719365,41720274,41720274,1.5121960703020032e+18,9.87847725822677e+17,RubyPresLLC,2022-04-07 22:30:13,https://lgbtmilitary.org.ua/eng,lgbtmilitary.org.ua
41735799,41736708,41736708,1.512202894317179e+18,1.490168399221166e+18,DanaYCheuka,2022-04-07 22:57:20,https://lgbtmilitary.org.ua/eng,lgbtmilitary.org.ua
41883242,41884153,41884153,1.5122887556628767e+18,3361570644.0,okorineko,2022-04-08 04:38:30,http://lgbtmilitary.org.ua/eng,lgbtmilitary.org.ua
41932260,41933173,41933173,1.512315877290496e+18,1.0349163042961326e+18,BragoVictoria,2022-04-08 06:26:17,https://lgbtmilitary.org.ua/eng,lgbtmilitary.org.ua
42019588,42020502,42020502,1.5123543659523768e+18,22349104.0,dellway,2022-04-08 08:59:13,https://lgbtmilitary.org.ua/eng,lgbtmilitary.org.ua
43032201,43033134,43033134,1.512779028184408e+18,9.67149250193838e+17,aashna_uk,2022-04-09 13:06:41,https://lgbtmilitary.org.ua/,lgbtmilitary.org.ua
43795143,43796086,43796086,1.513140764125057e+18,9.801873396486554e+17,xi6bdu9ab,2022-04-10 13:04:05,https://lgbtmilitary.org.ua/,lgbtmilitary.org.ua
47491810,47492838,47492838,1.5149049972255048e+18,1.2518402066192466e+18,CeriseLucien,2022-04-15 09:54:31,https://lgbtmilitary.org.ua/eng,lgbtmilitary.org.ua
47494098,47495126,47495126,1.5149061845574124e+18,1.2518402066192466e+18,CeriseLucien,2022-04-15 09:59:14,https://lgbtmilitary.org.ua/eng,lgbtmilitary.org.ua
52477574,52478688,52478688,1.517736255781548e+18,1.1773175413304566e+18,PK2451167992,2022-04-23 05:24:56,https://lgbtmilitary.org.ua/?fbclid=IwAR2m4EfPOxa6BA04iMLomNZikCeS5bNGJ9wnc5mh6iLLKrbBYhybBiKBBV8,lgbtmilitary.org.ua
54756588,54757743,54757743,1.5191798282592133e+18,1.4777969907464356e+18,DemActionToday,2022-04-27 05:01:10,https://lgbtmilitary.org.ua/,lgbtmilitary.org.ua
